,N_TOPICS,ALPHA,ETA,PERPLEXITY,COHERENCE
0,10,0.001,0.001,12420.57737356518,0.41801551342010496
1,10,0.001,0.01,9943.82303570235,0.4890954857319594
2,10,0.001,0.1,9054.59720169789,0.564177631412167
3,10,0.001,0.2,8737.400346334887,0.736692598760128
4,10,0.001,0.5,8098.099613130872,0.8647382253408431
5,10,0.001,0.75,7775.262339514279,0.8626429438591003
6,10,0.001,1.0,7093.642718671065,0.8953412067890169
7,10,0.01,0.001,12604.499538857594,0.444054737109691
8,10,0.01,0.01,9912.037119098422,0.4788554895669222
9,10,0.01,0.1,8913.693058666497,0.6011396243423224
10,10,0.01,0.2,8551.87678747048,0.7465474542975425
11,10,0.01,0.5,8157.981667152669,0.8601822942495346
12,10,0.01,0.75,7417.9277723285495,0.893596272468567
13,10,0.01,1.0,7084.061239884309,0.8998773264884949
14,10,0.1,0.001,12440.456399627099,0.43925784235820176
15,10,0.1,0.01,9867.913402058844,0.4791396877914667
16,10,0.1,0.1,9018.755164500062,0.5980031219543889
17,10,0.1,0.2,8612.473581321185,0.7546548581123351
18,10,0.1,0.5,8100.059405131284,0.8643989056348801
19,10,0.1,0.75,7750.201453802904,0.8446470367908478
20,10,0.1,1.0,7096.997224543133,0.8835811924934387
21,10,0.2,0.001,12598.318302443115,0.4399977507814765
22,10,0.2,0.01,9888.85734598426,0.48367885078303524
23,10,0.2,0.1,8907.088438765983,0.6436016443092376
24,10,0.2,0.2,8635.24335030131,0.7018465362489223
25,10,0.2,0.5,8103.885610612176,0.856546094417572
26,10,0.2,0.75,7787.56364393616,0.864674065709114
27,10,0.2,1.0,7113.538110779816,0.8973879790306093
28,10,0.5,0.001,12450.844058952332,0.44281165603548295
29,10,0.5,0.01,9925.147320535893,0.48422707460820674
30,10,0.5,0.1,8981.03695863745,0.652054986357689
31,10,0.5,0.2,8536.93877358145,0.7107267424464225
32,10,0.5,0.5,8125.20109020323,0.8737447780370712
33,10,0.5,0.75,7356.386855470345,0.8925998228788377
34,10,0.5,1.0,7096.063923561633,0.8864553815126419
35,10,0.75,0.001,12286.22168433285,0.4458849492669105
36,10,0.75,0.01,9834.539543910432,0.4997322888486087
37,10,0.75,0.1,9009.232034784029,0.590246199220419
38,10,0.75,0.2,8663.155214243696,0.7195341137051583
39,10,0.75,0.5,8109.5899101638515,0.8578349190950394
40,10,0.75,0.75,7387.026841832783,0.8934709000587464
41,10,0.75,1.0,7652.619955861694,0.8839884257316587
42,10,1.0,0.001,12539.538313642575,0.4346873728418723
43,10,1.0,0.01,9836.080126732613,0.4832538291811942
44,10,1.0,0.1,8986.218807791285,0.5662637838721276
45,10,1.0,0.2,8618.08986971553,0.7438199386000633
46,10,1.0,0.5,8133.042227033421,0.8529970699548721
47,10,1.0,0.75,7400.282517991814,0.8910456472635268
48,10,1.0,1.0,7082.4480612321295,0.9029516470432281
49,11,0.001,0.001,12221.207158411917,0.4598185930401087
50,11,0.001,0.01,9744.534878242726,0.4869726509194482
51,11,0.001,0.1,9316.75151793065,0.6142150360752235
52,11,0.001,0.2,8477.72045905626,0.7755290952595797
53,11,0.001,0.5,8075.73681745981,0.8708818029273641
54,11,0.001,0.75,7417.464707717943,0.902445696700703
55,11,0.001,1.0,7135.644731285508,0.8963034987449645
56,11,0.01,0.001,12522.608294478972,0.4314449246380139
57,11,0.01,0.01,9760.733788697327,0.49711420611393714
58,11,0.01,0.1,8832.46378314727,0.6688739887692711
59,11,0.01,0.2,8577.00072649906,0.7518296263434671
60,11,0.01,0.5,8252.554430224844,0.8647445982152767
61,11,0.01,0.75,7418.889931236399,0.8948077028447933
62,11,0.01,1.0,7111.350043772782,0.903775155544281
63,11,0.1,0.001,12400.113163146763,0.41034236977046185
64,11,0.1,0.01,9723.582434073245,0.49923127818778573
65,11,0.1,0.1,9380.079275996508,0.6384015291759914
66,11,0.1,0.2,8584.149342101133,0.7448373434218493
67,11,0.1,0.5,8158.468868763785,0.8632009034807031
68,11,0.1,0.75,7750.56071392304,0.876168324730613
69,11,0.1,1.0,7608.382823388685,0.8557099461555481
70,11,0.2,0.001,12604.292637605655,0.4138459353961728
71,11,0.2,0.01,9754.931185282187,0.4928157229738479
72,11,0.2,0.1,9235.055841020932,0.683382340994748
73,11,0.2,0.2,8604.177985306984,0.7648943941701543
74,11,0.2,0.5,8163.704771922613,0.8781015835025094
75,11,0.2,0.75,7909.908566735419,0.8729232110760431
76,11,0.2,1.0,7547.219503470819,0.8231396626681089
77,11,0.5,0.001,12465.345424361847,0.4174334824085235
78,11,0.5,0.01,9767.291651600286,0.5298059878362852
79,11,0.5,0.1,8929.65185030906,0.658323897285895
80,11,0.5,0.2,8528.877178552346,0.7505052333528345
81,11,0.5,0.5,8131.507211934826,0.8722649238326333
82,11,0.5,0.75,7861.5794227781935,0.8802521304650739
83,11,0.5,1.0,7086.083561932722,0.896036949482831
84,11,0.75,0.001,12257.607881702726,0.41577826674011625
85,11,0.75,0.01,9912.347413864265,0.49124903164126654
86,11,0.75,0.1,8871.3208602481,0.6351787931878459
87,11,0.75,0.2,8543.54190863506,0.7827278958125548
88,11,0.75,0.5,8193.676101866165,0.8632752873680808
89,11,0.75,0.75,7867.118772868727,0.8836349714886058
90,11,0.75,1.0,7090.837773635192,0.9072589348662984
91,11,1.0,0.001,12439.55412975013,0.42750598964366043
92,11,1.0,0.01,9884.353414215368,0.5322665719146079
93,11,1.0,0.1,9280.128228438058,0.6379086341031572
94,11,1.0,0.2,8682.047193917346,0.7696560867808082
95,11,1.0,0.5,8060.819014494763,0.8706910653547808
96,11,1.0,0.75,7741.560555166519,0.8728254188190806
97,11,1.0,1.0,7110.930437187464,0.8959144651889801
98,12,0.001,0.001,11970.320068714704,0.49097245099643866
99,12,0.001,0.01,9730.794051668283,0.525142141773055
100,12,0.001,0.1,8859.727956172725,0.6716299737493197
101,12,0.001,0.2,8564.322765770248,0.7937824795643489
102,12,0.001,0.5,8086.313678039308,0.8705758025248844
103,12,0.001,0.75,7421.1454436643135,0.9038199931383134
104,12,0.001,1.0,7114.012572139288,0.9102459381024041
105,12,0.01,0.001,12508.194090239944,0.4558473723513694
106,12,0.01,0.01,9780.872322879191,0.5324480192580571
107,12,0.01,0.1,9114.743011262499,0.6766643633445105
108,12,0.01,0.2,8495.131328783125,0.7746668214599293
109,12,0.01,0.5,8116.073876623549,0.8769953290621438
110,12,0.01,0.75,7413.949098631839,0.9078589911262194
111,12,0.01,1.0,7113.4682202088725,0.9097070852915445
112,12,0.1,0.001,12216.701400527458,0.4891835958386461
113,12,0.1,0.01,9867.09683655235,0.5134905048646032
114,12,0.1,0.1,9162.9217231929,0.6459532739128917
115,12,0.1,0.2,8421.351719859425,0.7920939505100248
116,12,0.1,0.5,8199.409846341348,0.8761824036637941
117,12,0.1,0.75,7407.0651715773965,0.9071531772613527
118,12,0.1,1.0,7159.3757316480205,0.9093290949861209
119,12,0.2,0.001,12153.296306609112,0.47922614500857885
120,12,0.2,0.01,9894.839040913266,0.5126658523300042
121,12,0.2,0.1,8854.216349435217,0.6708004539211591
122,12,0.2,0.2,8479.154039100426,0.7916268048187098
123,12,0.2,0.5,7933.331474202866,0.8758775035540264
124,12,0.2,0.75,7431.429820231634,0.9004873072107632
125,12,0.2,1.0,7147.349709265743,0.9086002687613169
126,12,0.5,0.001,12104.995744269841,0.4659054311923683
127,12,0.5,0.01,9742.749927506828,0.5231547835593423
128,12,0.5,0.1,9036.482208598612,0.677204050992926
129,12,0.5,0.2,8469.08573598722,0.7555327547093231
130,12,0.5,0.5,8236.13525070679,0.8791784897446631
131,12,0.5,0.75,7403.804967235905,0.9048959707220398
132,12,0.5,1.0,7150.736284380493,0.9078228801488875
133,12,0.75,0.001,12404.846452232394,0.4437718186372271
134,12,0.75,0.01,9819.934835146598,0.5824034117162228
135,12,0.75,0.1,8912.061476913395,0.7217645068963369
136,12,0.75,0.2,8467.455042117219,0.7669301948199668
137,12,0.75,0.5,8192.910405263809,0.8787333438793818
138,12,0.75,0.75,7428.586500765997,0.9070230300227801
139,12,0.75,1.0,7627.045746355029,0.8786821529269221
140,12,1.0,0.001,12360.5175510494,0.44698879476636644
141,12,1.0,0.01,9816.52707549758,0.5181566583613555
142,12,1.0,0.1,9252.875326428531,0.676634609947602
143,12,1.0,0.2,8554.549813029496,0.7777461846669514
144,12,1.0,0.5,8145.368993465709,0.8792415618896485
145,12,1.0,0.75,7948.133117918398,0.8806744570533435
146,12,1.0,1.0,7131.194426149039,0.9095988864699999
147,13,0.001,0.001,12467.916739224213,0.4551381225482775
148,13,0.001,0.01,9838.268433561923,0.5152939146433849
149,13,0.001,0.1,8783.128282011847,0.7122479451390412
150,13,0.001,0.2,8481.110040134976,0.7799696472974923
151,13,0.001,0.5,8093.13498851555,0.8814173900164092
152,13,0.001,0.75,7429.933716688881,0.9152039981805361
153,13,0.001,1.0,7635.906631697172,0.8513872985656443
154,13,0.01,0.001,12317.427001116366,0.44562343866206133
155,13,0.01,0.01,9841.983827242011,0.4810109698428557
156,13,0.01,0.1,8747.48542177215,0.6654044001148297
157,13,0.01,0.2,8471.697640406093,0.7796205740708572
158,13,0.01,0.5,7790.455894892013,0.8905735891598922
159,13,0.01,0.75,7763.991170098095,0.8875711198036487
160,13,0.01,1.0,7613.137584706867,0.8043575181410862
161,13,0.1,0.001,12433.999964008886,0.46300288006090207
162,13,0.1,0.01,9858.669237728865,0.49520969180605157
163,13,0.1,0.1,9235.084715825451,0.6473463263649207
164,13,0.1,0.2,8542.680656860588,0.8022863656282424
165,13,0.1,0.5,7795.471922668768,0.8962934264769923
166,13,0.1,0.75,7439.289875202446,0.9149085292449364
167,13,0.1,1.0,7141.3782884511475,0.9092619506212378
168,13,0.2,0.001,12444.992277335547,0.4338513970375061
169,13,0.2,0.01,9738.36614058964,0.5166136425275069
170,13,0.2,0.1,8739.595753189298,0.6342104404305036
171,13,0.2,0.2,8429.204150544054,0.7945983270039926
172,13,0.2,0.5,8184.143359797336,0.8795850446591011
173,13,0.2,0.75,7446.516536898172,0.9120927838178782
174,13,0.2,1.0,7131.96011003571,0.9149355292320251
175,13,0.5,0.001,12238.851905018324,0.4401987099303649
176,13,0.5,0.01,9686.58851922324,0.5339824016277608
177,13,0.5,0.1,8949.136870853825,0.7116418730754118
178,13,0.5,0.2,8447.936819075861,0.7761720379957785
179,13,0.5,0.5,8077.338075631535,0.8825138192910414
180,13,0.5,0.75,7437.900594605245,0.9139471462139717
181,13,0.5,1.0,7673.346554665057,0.8556178019596979
182,13,0.75,0.001,12503.320448387529,0.44622301608324044
183,13,0.75,0.01,9615.84610173474,0.5398231061032185
184,13,0.75,0.1,8884.595327845138,0.6761392483344445
185,13,0.75,0.2,8509.75634603945,0.7648178070783616
186,13,0.75,0.5,8436.16456243218,0.8821800795885232
187,13,0.75,0.75,7429.202220631922,0.9178136110305787
188,13,0.75,1.0,7167.851143696394,0.9077108305234175
189,13,1.0,0.001,12581.681679930753,0.4510722522838757
190,13,1.0,0.01,9835.962340500302,0.5059693117805111
191,13,1.0,0.1,8712.56553271355,0.6815049178898334
192,13,1.0,0.2,8514.97826050952,0.804913616638917
193,13,1.0,0.5,8108.067317762146,0.8830653410691482
194,13,1.0,0.75,7412.854903808674,0.9128744698487794
195,13,1.0,1.0,7657.123352614004,0.8728338388296274
196,14,0.001,0.001,12335.201935097084,0.4729494550398418
197,14,0.001,0.01,9805.57584587502,0.5701443159686669
198,14,0.001,0.1,8783.52654292111,0.6838366889527867
199,14,0.001,0.2,8508.609511053317,0.7924341501934189
200,14,0.001,0.5,8122.885965976889,0.8926313694034302
201,14,0.001,0.75,7466.9051589002065,0.9146886318922043
202,14,0.001,1.0,7179.326949275529,0.9103993411575045
203,14,0.01,0.001,12154.288898083947,0.4934025784688337
204,14,0.01,0.01,9766.264998678409,0.5443661065772176
205,14,0.01,0.1,8865.262366348472,0.7083494514226912
206,14,0.01,0.2,8473.74932155956,0.7991365669029101
207,14,0.01,0.5,8115.635368365038,0.8880461245775221
208,14,0.01,0.75,7940.628576366873,0.8913178797279084
209,14,0.01,1.0,7157.796098704006,0.9136844294411793
210,14,0.1,0.001,12530.13272996812,0.4626881681914841
211,14,0.1,0.01,9901.418190573473,0.526475693784388
212,14,0.1,0.1,8875.019763480004,0.749709416287286
213,14,0.1,0.2,8480.375723050673,0.8305198880178588
214,14,0.1,0.5,8170.71376483242,0.8917748383113316
215,14,0.1,0.75,7957.78241447377,0.8980138697794505
216,14,0.1,1.0,7602.527026077207,0.8608841449022294
217,14,0.2,0.001,12160.058950951005,0.4730197610599655
218,14,0.2,0.01,9701.44744752456,0.5861800275210822
219,14,0.2,0.1,8857.185941873606,0.7352963583277805
220,14,0.2,0.2,8416.875447872048,0.8023643348898207
221,14,0.2,0.5,8113.5632065768705,0.8839580693415232
222,14,0.2,0.75,7937.209347484592,0.8823529958724975
223,14,0.2,1.0,7158.2828513873765,0.9086476900747844
224,14,0.5,0.001,12406.657754117661,0.44718525859394237
225,14,0.5,0.01,9782.981001343507,0.5250706197427852
226,14,0.5,0.1,8886.30465884603,0.6990701170904295
227,14,0.5,0.2,8594.621986340337,0.8145178335053579
228,14,0.5,0.5,8225.78651828961,0.8870543556553976
229,14,0.5,0.75,7429.963324240225,0.9196485561983925
230,14,0.5,1.0,7183.010422332627,0.9196040506873813
231,14,0.75,0.001,12362.77074003791,0.4630204989973988
232,14,0.75,0.01,9940.805529633755,0.5254458376871688
233,14,0.75,0.1,9078.221244926553,0.7273762715714319
234,14,0.75,0.2,8436.903061914403,0.8139332409415926
235,14,0.75,0.5,8544.749112617079,0.8890957742929458
236,14,0.75,0.75,7429.261330639342,0.912366314445223
237,14,0.75,1.0,7145.632082083499,0.9257132279021401
238,14,1.0,0.001,12548.923023684678,0.44432593520198554
239,14,1.0,0.01,9893.940071844485,0.5160807937649744
240,14,1.0,0.1,8919.907554377378,0.7528559908270834
241,14,1.0,0.2,8560.093074040062,0.8051681697368622
242,14,1.0,0.5,8170.502172658881,0.891312004838671
243,14,1.0,0.75,7950.226960957922,0.9064569881984167
244,14,1.0,1.0,7162.392742333815,0.9146828464099338
245,15,0.001,0.001,12334.359269222281,0.4812840865552426
246,15,0.001,0.01,9660.891884935516,0.5453291839857896
247,15,0.001,0.1,9237.608949933609,0.7439419255654017
248,15,0.001,0.2,8381.714068654775,0.8147727304697037
249,15,0.001,0.5,8221.122287787875,0.8985936983426412
250,15,0.001,0.75,7458.543046121145,0.9212057514985403
251,15,0.001,1.0,7172.8761109510415,0.9202961003780366
252,15,0.01,0.001,12276.355873858463,0.48246355431775256
253,15,0.01,0.01,9585.197715438992,0.566243411426743
254,15,0.01,0.1,9077.19479640946,0.716683448354403
255,15,0.01,0.2,8456.849193715068,0.8105525219440459
256,15,0.01,0.5,8192.04820823178,0.9015308304627736
257,15,0.01,0.75,7930.848298971807,0.8887242174148561
258,15,0.01,1.0,7184.637457546771,0.9202415088812509
259,15,0.1,0.001,12140.041860974155,0.4702205779155096
260,15,0.1,0.01,9653.623177911724,0.5597844881067674
261,15,0.1,0.1,9071.873457976126,0.7103111984332401
262,15,0.1,0.2,8394.35048869066,0.8201099697748818
263,15,0.1,0.5,8270.508158397039,0.8944490369160969
264,15,0.1,0.75,7457.3460682775785,0.9205338581403097
265,15,0.1,1.0,7175.08294651198,0.9163146587212881
266,15,0.2,0.001,12246.384241883516,0.47271202941735585
267,15,0.2,0.01,9499.008656921098,0.5616834204768142
268,15,0.2,0.1,8823.842552853112,0.7290950214862822
269,15,0.2,0.2,8430.383521502907,0.8196472267309823
270,15,0.2,0.5,8244.10359183408,0.8984210276603697
271,15,0.2,0.75,7463.872081247098,0.9220296545823417
272,15,0.2,1.0,7160.7685412643295,0.9188433714707693
273,15,0.5,0.001,12121.733125720479,0.49672932167847955
274,15,0.5,0.01,9805.061700814404,0.5123446163348855
275,15,0.5,0.1,8849.478975651615,0.6966418977578481
276,15,0.5,0.2,8475.481983143693,0.8208532063166302
277,15,0.5,0.5,8146.431728189463,0.8941891888777417
278,15,0.5,0.75,7461.714206090036,0.9210659658908845
279,15,0.5,1.0,7543.145060046619,0.890387043952942
280,15,0.75,0.001,12488.823522980745,0.4849528905997674
281,15,0.75,0.01,9864.607259443732,0.5315419400731722
282,15,0.75,0.1,8719.748365449548,0.7529296634594599
283,15,0.75,0.2,8451.762750333877,0.8291281636555989
284,15,0.75,0.5,8195.433479206373,0.8997290813922879
285,15,0.75,0.75,7961.632292968172,0.8705607795715332
286,15,0.75,1.0,7174.721928801319,0.9199504637718202
287,15,1.0,0.001,12170.996521144529,0.47886052715281646
288,15,1.0,0.01,9807.286243734658,0.5376784901072581
289,15,1.0,0.1,8771.217956747223,0.730746659040451
290,15,1.0,0.2,8312.074124395274,0.8240405486027399
291,15,1.0,0.5,8149.990254457778,0.8991434899965921
292,15,1.0,0.75,7455.551114460599,0.9214718858400981
293,15,1.0,1.0,7177.6923503276785,0.9217047969500223
294,16,0.001,0.001,12213.539754460659,0.49375379730481644
295,16,0.001,0.01,9624.450142608748,0.6079311080276966
296,16,0.001,0.1,8759.813633881113,0.7382926508784293
297,16,0.001,0.2,8383.358047725515,0.8407575346529484
298,16,0.001,0.5,7880.230629830428,0.91482044570148
299,16,0.001,0.75,7948.694780755185,0.8999360032379626
300,16,0.001,1.0,7201.47675402108,0.9214310109615326
301,16,0.01,0.001,12145.70654908258,0.4715234970833989
302,16,0.01,0.01,9892.416121334752,0.5422384869423696
303,16,0.01,0.1,8920.431153475789,0.7639717111364006
304,16,0.01,0.2,8583.749194307404,0.8425944821909069
305,16,0.01,0.5,8196.862801743353,0.9074387811124325
306,16,0.01,0.75,7954.54408685315,0.9063859939575197
307,16,0.01,1.0,7206.2325604265,0.9258748944848777
308,16,0.1,0.001,12080.536854057475,0.5151713214116171
309,16,0.1,0.01,9676.142801758597,0.5416267768829129
310,16,0.1,0.1,8880.15044272034,0.7506786420941354
311,16,0.1,0.2,8540.340020426636,0.8271922048181295
312,16,0.1,0.5,8407.45854673806,0.8949589822441341
313,16,0.1,0.75,7948.253402266322,0.9052495881915092
314,16,0.1,1.0,7198.0655802257525,0.9264442551881074
315,16,0.2,0.001,12156.018011869515,0.48199764778837567
316,16,0.2,0.01,9762.005067608286,0.5479761397931726
317,16,0.2,0.1,8907.05505252646,0.740436884202063
318,16,0.2,0.2,8468.235509587877,0.8342827670276164
319,16,0.2,0.5,8165.875931117125,0.9052207771688701
320,16,0.2,0.75,8003.082525816098,0.8886529218405486
321,16,0.2,1.0,7204.6607710407425,0.9247588828206063
322,16,0.5,0.001,12151.427016565607,0.47584151593036944
323,16,0.5,0.01,9727.993503768883,0.5989969183923677
324,16,0.5,0.1,8619.136446293534,0.6942480262368919
325,16,0.5,0.2,8379.103070820494,0.8240454968065023
326,16,0.5,0.5,8200.970945334468,0.9027999017387628
327,16,0.5,0.75,8040.24675626879,0.8734290950000286
328,16,0.5,1.0,7215.173075841629,0.9244986400008202
329,16,0.75,0.001,12200.70505790361,0.48134172689169646
330,16,0.75,0.01,9630.601141558189,0.5370196508440132
331,16,0.75,0.1,8930.709588921918,0.7482157161459327
332,16,0.75,0.2,8376.04957600545,0.8324774337932466
333,16,0.75,0.5,8146.552104689199,0.911366770043969
334,16,0.75,0.75,7510.718055169651,0.926183332502842
335,16,0.75,1.0,7664.226128104782,0.8375858217477797
336,16,1.0,0.001,12187.0522194977,0.4842058262322098
337,16,1.0,0.01,9997.833766223237,0.6120057165622711
338,16,1.0,0.1,8859.772463657837,0.7195734497159719
339,16,1.0,0.2,8520.054108969409,0.8347465630620717
340,16,1.0,0.5,8290.13561078549,0.8969953794032335
341,16,1.0,0.75,7501.807588297202,0.9266024190932513
342,16,1.0,1.0,7166.696791263133,0.9254376795142889
343,17,0.001,0.001,12385.716054715933,0.4860510987777482
344,17,0.001,0.01,9687.519676555632,0.5891101906623911
345,17,0.001,0.1,8707.330649279735,0.7315200370900773
346,17,0.001,0.2,8308.882823212662,0.843056821121889
347,17,0.001,0.5,8337.181290305249,0.9008404538911932
348,17,0.001,0.75,7892.215519060789,0.885200191595975
349,17,0.001,1.0,7644.867221319766,0.8667687447632061
350,17,0.01,0.001,12126.800468680298,0.476581772044301
351,17,0.01,0.01,9581.042148719991,0.5788888761883273
352,17,0.01,0.1,8770.779810802318,0.7448575596599019
353,17,0.01,0.2,8372.060797341028,0.8335724478258806
354,17,0.01,0.5,8297.337134200474,0.9007466579184812
355,17,0.01,0.75,7897.75561439199,0.8812495263183817
356,17,0.01,1.0,7655.692782861555,0.8613473012166867
357,17,0.1,0.001,12172.330083699122,0.4805328491910853
358,17,0.1,0.01,9767.825754390353,0.5666705983197864
359,17,0.1,0.1,8622.810386592142,0.7591409860288397
360,17,0.1,0.2,8445.896072966958,0.8496692920432373
361,17,0.1,0.5,8197.556377042156,0.9056842242970186
362,17,0.1,0.75,8059.05939974939,0.8786860809606664
363,17,0.1,1.0,7214.7038601215545,0.9285821486921871
364,17,0.2,0.001,12118.773023377214,0.481279781729202
365,17,0.2,0.01,9756.262251789196,0.5922949683578576
366,17,0.2,0.1,8569.105754414972,0.752564814862083
367,17,0.2,0.2,8536.047663250436,0.845187714170007
368,17,0.2,0.5,8196.00536358984,0.9089699885424447
369,17,0.2,0.75,7943.05787765462,0.9069646568859324
370,17,0.2,1.0,7630.268063137178,0.8411027766325896
371,17,0.5,0.001,12148.7645824482,0.5223919199673486
372,17,0.5,0.01,9666.819083224946,0.5959617799038397
373,17,0.5,0.1,8654.532619340729,0.7367565803668079
374,17,0.5,0.2,8385.386510043732,0.8408997276250054
375,17,0.5,0.5,8178.133065203741,0.90720855383312
376,17,0.5,0.75,8079.549274522877,0.8955074878299938
377,17,0.5,1.0,7245.141587275436,0.9253588441540215
378,17,0.75,0.001,12447.009183891256,0.45308486082974603
379,17,0.75,0.01,9639.88311495778,0.5921514705700034
380,17,0.75,0.1,8488.901647352905,0.7416611648657742
381,17,0.75,0.2,8528.532545013117,0.8383650679798688
382,17,0.75,0.5,8166.377589750382,0.9116966047707725
383,17,0.75,0.75,8098.4917644385205,0.9045582112144023
384,17,0.75,1.0,7620.961543251634,0.8836414519478292
385,17,1.0,0.001,12085.849282373016,0.48071651292197853
386,17,1.0,0.01,9830.063775553383,0.5613852408002404
387,17,1.0,0.1,8659.300525918994,0.7343596227028792
388,17,1.0,0.2,8466.378132707581,0.8369980861158934
389,17,1.0,0.5,8190.210248401252,0.9110670279054082
390,17,1.0,0.75,7977.91512353303,0.8880713603075813
391,17,1.0,1.0,7237.632420985836,0.9279993709395913
392,18,0.001,0.001,12032.242521551565,0.5283924127055798
393,18,0.001,0.01,9687.045177300404,0.6468675966064136
394,18,0.001,0.1,8835.337661648315,0.7636993971135883
395,18,0.001,0.2,8405.011920734594,0.8423396885395049
396,18,0.001,0.5,8215.658383406892,0.9178723692893982
397,18,0.001,0.75,8015.968471433513,0.8956863058937921
398,18,0.001,1.0,7648.444329502124,0.8567531433370377
399,18,0.01,0.001,12306.787214270778,0.48266241517331854
400,18,0.01,0.01,9582.609213512602,0.5800256222900417
401,18,0.01,0.1,8852.862467654732,0.7759373058875402
402,18,0.01,0.2,8347.808081729523,0.8527630733119117
403,18,0.01,0.5,8279.400990867844,0.9136148313681285
404,18,0.01,0.75,7925.543311219259,0.9023304210768806
405,18,0.01,1.0,7248.166795122882,0.9326629257864423
406,18,0.1,0.001,12301.994736061362,0.4840799361557907
407,18,0.1,0.01,9606.086675358476,0.6084562214233705
408,18,0.1,0.1,8577.594574436394,0.7486104680432213
409,18,0.1,0.2,8381.906161010098,0.8562045698364575
410,18,0.1,0.5,8264.552445358144,0.9124083750777774
411,18,0.1,0.75,7536.881845241047,0.931972678502401
412,18,0.1,1.0,7226.863310951909,0.9308395286401114
413,18,0.2,0.001,12213.006539435362,0.5054339104849431
414,18,0.2,0.01,9702.350568381522,0.5819883135561312
415,18,0.2,0.1,8632.474418548201,0.7590567701392703
416,18,0.2,0.2,8447.366670180472,0.8449197560548782
417,18,0.2,0.5,8255.713822682312,0.9122305909792582
418,18,0.2,0.75,7555.606854514586,0.9286632415321137
419,18,0.2,1.0,7229.175057816553,0.9309534930520589
420,18,0.5,0.001,12284.479306902444,0.4893400896133648
421,18,0.5,0.01,9811.870102462102,0.6132343615922662
422,18,0.5,0.1,8699.699942653358,0.7672093512283432
423,18,0.5,0.2,8325.699222421987,0.8411218523979186
424,18,0.5,0.5,8215.660869050254,0.9118906670146517
425,18,0.5,0.75,7554.531641755099,0.9304064144690832
426,18,0.5,1.0,7241.5327518422855,0.9303503304719923
427,18,0.75,0.001,12323.025511246531,0.4792088491014308
428,18,0.75,0.01,9672.411351049543,0.6118792517317666
429,18,0.75,0.1,8876.782860603931,0.7582152221765783
430,18,0.75,0.2,8363.90203146881,0.8506303874982728
431,18,0.75,0.5,7838.432163207793,0.9199280404382281
432,18,0.75,0.75,7531.680723539599,0.9316034025616116
433,18,0.75,1.0,7244.329465323647,0.9311928053696951
434,18,1.0,0.001,12356.863280027412,0.49919170757445197
435,18,1.0,0.01,9803.046063434756,0.625257988067137
436,18,1.0,0.1,8518.928694599774,0.7325933182405102
437,18,1.0,0.2,8350.853798078126,0.82761570132441
438,18,1.0,0.5,7892.049224595865,0.9191776497496499
439,18,1.0,0.75,7510.690503720147,0.9321646776464251
440,18,1.0,1.0,7273.996978613211,0.9292672617567909
441,19,0.001,0.001,12306.503543232864,0.49685628665120984
442,19,0.001,0.01,9731.563425681106,0.5635370427852888
443,19,0.001,0.1,8894.970728237116,0.763847774894614
444,19,0.001,0.2,8386.96298869494,0.8534318770232953
445,19,0.001,0.5,8242.198423619535,0.9165624144830202
446,19,0.001,0.75,7533.961948261098,0.934698787174727
447,19,0.001,1.0,7227.8594435327495,0.9202502341646898
448,19,0.01,0.001,12211.474710029488,0.5254477721687995
449,19,0.01,0.01,9739.870779342393,0.5910026217761795
450,19,0.01,0.1,8717.058939814311,0.772851780370662
451,19,0.01,0.2,8441.687851764069,0.8590629499209554
452,19,0.01,0.5,8290.802379479614,0.9135019242763519
453,19,0.01,0.75,7995.78869469,0.904974416368886
454,19,0.01,1.0,7265.42150244933,0.9338859197340514
455,19,0.1,0.001,12140.773989373862,0.4831908372132794
456,19,0.1,0.01,9706.569041297047,0.5927374877427753
457,19,0.1,0.1,8829.29893308816,0.7826091309911326
458,19,0.1,0.2,8522.82462429292,0.8519478772815906
459,19,0.1,0.5,8306.520293306561,0.9159967911870858
460,19,0.1,0.75,7976.289833032513,0.9147129959181737
461,19,0.1,1.0,7234.105283491994,0.9323515788504951
462,19,0.2,0.001,12181.522289038241,0.5030593265142095
463,19,0.2,0.01,9659.20707557997,0.6227746044432646
464,19,0.2,0.1,8691.52087524437,0.7705954137601351
465,19,0.2,0.2,8626.292462975625,0.8545249292725012
466,19,0.2,0.5,8269.025424639018,0.919571726573141
467,19,0.2,0.75,7557.2817180113225,0.9371765936675824
468,19,0.2,1.0,7262.561087206966,0.931328943528627
469,19,0.5,0.001,12404.504030205908,0.49833892364250976
470,19,0.5,0.01,9868.743434843866,0.5847264023056546
471,19,0.5,0.1,8647.63469170675,0.7661322694075735
472,19,0.5,0.2,8445.69527769306,0.8614331813235032
473,19,0.5,0.5,8368.672665242488,0.9154740154743194
474,19,0.5,0.75,7527.933642179011,0.938714092656186
475,19,0.5,1.0,7250.4985929105105,0.9347946929304224
476,19,0.75,0.001,12484.452830218284,0.4973871189512704
477,19,0.75,0.01,9621.131575352394,0.5742977786147477
478,19,0.75,0.1,8791.429787436618,0.7714759117678591
479,19,0.75,0.2,8390.702845604314,0.8488406156238757
480,19,0.75,0.5,8286.710836260578,0.9175578424805089
481,19,0.75,0.75,7567.558404251866,0.9308905664243197
482,19,0.75,1.0,7260.884570716332,0.9335872625049791
483,19,1.0,0.001,12193.431268778751,0.4973630602422514
484,19,1.0,0.01,9767.745319341155,0.5566121125823549
485,19,1.0,0.1,8876.430632372569,0.7508940949251779
486,19,1.0,0.2,8424.477137493179,0.8638870422777376
487,19,1.0,0.5,7896.848392932706,0.9225477212353755
488,19,1.0,0.75,7531.462697860363,0.9364304373138829
489,19,1.0,1.0,7252.195399321309,0.934646608954982
490,20,0.001,0.001,12250.402343799846,0.5059301198925823
491,20,0.001,0.01,9659.257373415328,0.6076789312437177
492,20,0.001,0.1,8633.957320504032,0.7774225951731206
493,20,0.001,0.2,8505.419045528697,0.8694115689396857
494,20,0.001,0.5,8271.68504351809,0.9158547961711883
495,20,0.001,0.75,8020.965762718431,0.9064648789167405
496,20,0.001,1.0,7274.702300001352,0.9354684579372406
497,20,0.01,0.001,12180.48560099704,0.4824766284716316
498,20,0.01,0.01,9676.1427153904,0.6114940445125102
499,20,0.01,0.1,8834.166528097136,0.7787899440526963
500,20,0.01,0.2,8502.272993154034,0.8653323970735073
501,20,0.01,0.5,8289.290587422458,0.9195041000843048
502,20,0.01,0.75,7986.775105322956,0.8880202996730804
503,20,0.01,1.0,7260.448472363715,0.9192690116912126
504,20,0.1,0.001,12381.690385274984,0.4861406497657299
505,20,0.1,0.01,9631.830601594384,0.6165906155854464
506,20,0.1,0.1,8575.489832531299,0.7766236047446727
507,20,0.1,0.2,8486.94071450141,0.86651845484972
508,20,0.1,0.5,8275.468052999777,0.9153958585858344
509,20,0.1,0.75,8062.455930955537,0.9024880954623224
510,20,0.1,1.0,7254.224834729783,0.9341930070519447
511,20,0.2,0.001,12538.278760622314,0.5065528970211745
512,20,0.2,0.01,9676.525194854043,0.5760286737419664
513,20,0.2,0.1,8492.433161976769,0.7886287030577659
514,20,0.2,0.2,8396.0885956143,0.8592224533855914
515,20,0.2,0.5,8268.855767648834,0.9199149256944658
516,20,0.2,0.75,8002.736716998535,0.8752532356977463
517,20,0.2,1.0,7252.984443188661,0.9367670038342478
518,20,0.5,0.001,12080.994540800191,0.5238190233334898
519,20,0.5,0.01,9867.763636791376,0.5954612632095815
520,20,0.5,0.1,8499.171406067586,0.7353309985995293
521,20,0.5,0.2,8432.22935534782,0.8649695940315724
522,20,0.5,0.5,8256.146897009803,0.9203448724746701
523,20,0.5,0.75,7950.829907991626,0.9208702519536018
524,20,0.5,1.0,7317.248613872551,0.9357835349440575
525,20,0.75,0.001,12320.15240368372,0.5040358712524176
526,20,0.75,0.01,9858.410998522697,0.5645300923613832
527,20,0.75,0.1,8813.265351614844,0.7746957542002201
528,20,0.75,0.2,8356.868100698393,0.8539760126173495
529,20,0.75,0.5,8271.660970512901,0.917775926887989
530,20,0.75,0.75,8031.340461424258,0.8891189619898796
531,20,0.75,1.0,7270.581650057169,0.935171117186546
532,20,1.0,0.001,11772.111074778995,0.5243013329617678
533,20,1.0,0.01,9672.050794821858,0.5726479620486499
534,20,1.0,0.1,8701.146052557413,0.759614893645048
535,20,1.0,0.2,8427.776201170585,0.8435128125548361
536,20,1.0,0.5,8276.854449351958,0.9196208631992342
537,20,1.0,0.75,7989.151120587077,0.9192091715335845
538,20,1.0,1.0,7295.426059509854,0.9368093469738958
539,21,0.001,0.001,12064.226118180655,0.5353182875750853
540,21,0.001,0.01,9745.727992227476,0.6309988800968445
541,21,0.001,0.1,8492.481136663471,0.7926124305952162
542,21,0.001,0.2,8501.148692169536,0.8766703460897719
543,21,0.001,0.5,8237.27812594425,0.9109050560565224
544,21,0.001,0.75,7510.098525881473,0.9268952977089655
545,21,0.001,1.0,7240.266602600755,0.9268220728351955
546,21,0.01,0.001,12067.344776545122,0.538415277713821
547,21,0.01,0.01,9534.59902037171,0.6332605369034267
548,21,0.01,0.1,8733.450869966953,0.7903614279769716
549,21,0.01,0.2,8460.413949068205,0.8694640960012163
550,21,0.01,0.5,8236.36146833149,0.9204150716463727
551,21,0.01,0.75,7563.380520874559,0.9395482148442947
552,21,0.01,1.0,7269.762605776512,0.9144835233688352
553,21,0.1,0.001,12065.944470324614,0.5438572497240134
554,21,0.1,0.01,9729.162157221264,0.6012955618933554
555,21,0.1,0.1,8482.20605379756,0.788352256161826
556,21,0.1,0.2,8242.45731342448,0.8657445654982613
557,21,0.1,0.5,8244.985788752192,0.9203588911465237
558,21,0.1,0.75,7600.107849589281,0.9400393517244432
559,21,0.1,1.0,7256.284536347029,0.9358722950731005
560,21,0.2,0.001,12035.20815135258,0.4923432902344282
561,21,0.2,0.01,9742.035673730883,0.5986675295912262
562,21,0.2,0.1,8742.450490794528,0.791679630251158
563,21,0.2,0.2,8248.801095485489,0.8642376701037089
564,21,0.2,0.5,8233.591153738025,0.9238343264375414
565,21,0.2,0.75,8011.187690840353,0.9074651547840663
566,21,0.2,1.0,7272.308661118231,0.9373032552855356
567,21,0.5,0.001,12234.259358901354,0.4856130508351185
568,21,0.5,0.01,9873.338383934208,0.6123943904326076
569,21,0.5,0.1,8569.585014739889,0.795634136171568
570,21,0.5,0.2,8395.144536977743,0.8621744084925878
571,21,0.5,0.5,8265.738568419589,0.9246611206304458
572,21,0.5,0.75,7563.840732322962,0.9372836584136601
573,21,0.5,1.0,7290.4761650099135,0.940278775351388
574,21,0.75,0.001,12208.108167778757,0.4904300961654545
575,21,0.75,0.01,9857.975663801171,0.5974717381809439
576,21,0.75,0.1,8680.930149714874,0.7851347718920025
577,21,0.75,0.2,8444.342314922873,0.8680380374193193
578,21,0.75,0.5,8294.96770464816,0.9183291679336911
579,21,0.75,0.75,7529.32922789974,0.9367333077249074
580,21,0.75,1.0,7275.956201072685,0.9363714944748652
581,21,1.0,0.001,12162.003834933199,0.4910130348056554
582,21,1.0,0.01,9755.620414251023,0.5984238569580373
583,21,1.0,0.1,8295.606296583697,0.7791075066441583
584,21,1.0,0.2,8375.56873236939,0.8700465872174219
585,21,1.0,0.5,8268.913112788172,0.9210812687873842
586,21,1.0,0.75,7662.595628935062,0.9354286571343738
587,21,1.0,1.0,7272.454090554073,0.9364427396229335
588,22,0.001,0.001,11950.68939826386,0.5495132634754886
589,22,0.001,0.01,9694.624634644779,0.5893092369999398
590,22,0.001,0.1,8330.576949987328,0.8193379452282733
591,22,0.001,0.2,8367.87928818743,0.8714272348718208
592,22,0.001,0.5,8262.213863783218,0.9232270303097639
593,22,0.001,0.75,8018.835882782289,0.9177448584274813
594,22,0.001,1.0,7613.070556658699,0.8757168577475983
595,22,0.01,0.001,12021.299587821833,0.5388844787397168
596,22,0.01,0.01,9578.949102359727,0.6430212776769291
597,22,0.01,0.1,8573.980035784309,0.8137472813779657
598,22,0.01,0.2,8304.292903362555,0.8682587983933363
599,22,0.01,0.5,8273.598226267839,0.9113367603583769
600,22,0.01,0.75,8003.6228123952005,0.8845884789120066
601,22,0.01,1.0,7579.29776930437,0.8784537892449987
602,22,0.1,0.001,12114.923277058988,0.5317144155332988
603,22,0.1,0.01,9668.296669949215,0.6131090796806596
604,22,0.1,0.1,8607.837224419905,0.8032731966538862
605,22,0.1,0.2,8466.718295118666,0.8753319653597743
606,22,0.1,0.5,8307.35506372178,0.9267436886375602
607,22,0.1,0.75,8070.270871595751,0.9150193176486277
608,22,0.1,1.0,7567.652397375353,0.9144125616008583
609,22,0.2,0.001,12105.900765659771,0.5211819458922201
610,22,0.2,0.01,9692.9929804739,0.6351446230303158
611,22,0.2,0.1,8499.954617816607,0.7980142826383766
612,22,0.2,0.2,8406.86880527953,0.8800218159502204
613,22,0.2,0.5,8365.488443371252,0.9227434624325148
614,22,0.2,0.75,8017.605444420231,0.9071939229965209
615,22,0.2,1.0,7290.838863399715,0.9372959703207017
616,22,0.5,0.001,11920.402335634704,0.5456218136982485
617,22,0.5,0.01,9608.573224642148,0.626444332843477
618,22,0.5,0.1,8643.579977691421,0.8056732332164592
619,22,0.5,0.2,8372.028677947614,0.8657051309943202
620,22,0.5,0.5,8294.906521005583,0.9254850260236048
621,22,0.5,0.75,7976.0066757242885,0.9029379199851644
622,22,0.5,1.0,7283.855864145943,0.9388715372844177
623,22,0.75,0.001,12074.82703871713,0.5119602352169089
624,22,0.75,0.01,9867.811575864816,0.6317657109688629
625,22,0.75,0.1,8784.226647339585,0.8042775500904432
626,22,0.75,0.2,8574.763607812247,0.8815487945621663
627,22,0.75,0.5,8265.653374307953,0.9267102767120711
628,22,0.75,0.75,7982.421288337699,0.9013563692569734
629,22,0.75,1.0,7283.426328442008,0.9402025033127178
630,22,1.0,0.001,12114.188324330285,0.5240004329857503
631,22,1.0,0.01,9716.48558370662,0.5963879788971761
632,22,1.0,0.1,8664.202842821347,0.801411745358597
633,22,1.0,0.2,8440.88940224473,0.8767065216194498
634,22,1.0,0.5,8275.569606988667,0.9291851674968545
635,22,1.0,0.75,7995.814396508267,0.901240495389158
636,22,1.0,1.0,7275.31771660428,0.9405868215994402
637,23,0.001,0.001,11788.921267299078,0.5547990590657877
638,23,0.001,0.01,9515.15647396095,0.6660469156244527
639,23,0.001,0.1,8623.352744610349,0.7994334525388223
640,23,0.001,0.2,8429.58426184462,0.8819995588582499
641,23,0.001,0.5,8315.061243579246,0.9296909143095433
642,23,0.001,0.75,8000.152996099662,0.8950265905131465
643,23,0.001,1.0,7622.816841591376,0.8717379627020464
644,23,0.01,0.001,11621.720974313008,0.5659191854622054
645,23,0.01,0.01,9621.267096952735,0.6116524764377139
646,23,0.01,0.1,8746.124253025408,0.8133806303791379
647,23,0.01,0.2,8525.588581535932,0.8835559191911118
648,23,0.01,0.5,8615.147922617169,0.9201639115810394
649,23,0.01,0.75,8046.938902118036,0.8826299348603126
650,23,0.01,1.0,7611.883198327997,0.8397688191869984
651,23,0.1,0.001,11901.660031067631,0.5223544877002257
652,23,0.1,0.01,9640.491352762456,0.6475448748987654
653,23,0.1,0.1,8556.48890747012,0.7977867357108905
654,23,0.1,0.2,8364.599754986004,0.8700385031492814
655,23,0.1,0.5,8326.393307889188,0.928773676312488
656,23,0.1,0.75,7956.144562518196,0.8628119686375493
657,23,0.1,1.0,7288.3500212176705,0.9421320889307105
658,23,0.2,0.001,11890.058946239942,0.5943133753359966
659,23,0.2,0.01,9694.746833731937,0.6295429334044457
660,23,0.2,0.1,8625.475138871416,0.8181417368028476
661,23,0.2,0.2,8367.632452441369,0.8857077719076819
662,23,0.2,0.5,8394.014606351795,0.9125716305297352
663,23,0.2,0.75,7575.06412093592,0.9457195652567821
664,23,0.2,1.0,7291.413689382576,0.941878420373668
665,23,0.5,0.001,12227.718022053567,0.5295466068767659
666,23,0.5,0.01,9580.90514119427,0.5933494790781126
667,23,0.5,0.1,8485.556132179145,0.7931544927151306
668,23,0.5,0.2,8561.846892690672,0.881061509899471
669,23,0.5,0.5,8326.91124049504,0.922656725541405
670,23,0.5,0.75,7593.848312980922,0.9428650718668231
671,23,0.5,1.0,7326.434009647118,0.9403597095738286
672,23,0.75,0.001,12347.058359593231,0.5110762509962786
673,23,0.75,0.01,9914.515890643377,0.6399240793741268
674,23,0.75,0.1,8321.531475329442,0.8083962494912353
675,23,0.75,0.2,8439.569660128402,0.88288065765215
676,23,0.75,0.5,7921.147695659653,0.9330505373685256
677,23,0.75,0.75,7608.717750527586,0.9414533379285233
678,23,0.75,1.0,7297.514160125496,0.9420339853867242
679,23,1.0,0.001,12142.155206632382,0.5323701658083693
680,23,1.0,0.01,9988.492994147151,0.6418542527634165
681,23,1.0,0.1,8687.591992823565,0.7951226593359656
682,23,1.0,0.2,8379.163598272076,0.8688468914964925
683,23,1.0,0.5,7962.189700247366,0.933699503670568
684,23,1.0,0.75,7601.773908599053,0.9427436730136043
685,23,1.0,1.0,7334.024041928076,0.9420332133769986
686,24,0.001,0.001,12006.260721384053,0.5549766728887334
687,24,0.001,0.01,9522.678410291346,0.6581087311729789
688,24,0.001,0.1,8565.629321393535,0.8187187071889639
689,24,0.001,0.2,8539.210842937733,0.8886482896904151
690,24,0.001,0.5,8302.57937673508,0.9193743298451104
691,24,0.001,0.75,8052.62661275719,0.8881985284388066
692,24,0.001,1.0,7639.081014495843,0.8667936670283477
693,24,0.01,0.001,11990.993674401481,0.5230657957804701
694,24,0.01,0.01,9690.075277197484,0.6668081777791182
695,24,0.01,0.1,8799.876596696164,0.8076732779542605
696,24,0.01,0.2,8434.212871768937,0.8903137835363549
697,24,0.01,0.5,8339.011991746873,0.925308779378732
698,24,0.01,0.75,8049.6766545383,0.8784847949941953
699,24,0.01,1.0,7229.478458306062,0.8755625997980435
700,24,0.1,0.001,11896.93123405786,0.5284486711141654
701,24,0.1,0.01,9651.01453057632,0.6638209438572328
702,24,0.1,0.1,8291.434042358776,0.8105855071296294
703,24,0.1,0.2,8543.884344777356,0.8816288004318872
704,24,0.1,0.5,8342.094629362684,0.9308961895604931
705,24,0.1,0.75,8062.569203224968,0.8724714239438375
706,24,0.1,1.0,7321.725391157527,0.9410184269150097
707,24,0.2,0.001,12081.004864011213,0.5119186613359489
708,24,0.2,0.01,9578.393281047818,0.6366116892546415
709,24,0.2,0.1,8425.357004360636,0.8119821735968192
710,24,0.2,0.2,8403.180348222302,0.8781995072960852
711,24,0.2,0.5,8329.896951719791,0.9295375744501748
712,24,0.2,0.75,8097.765987850266,0.897234542667866
713,24,0.2,1.0,7650.34571793993,0.8939735134442647
714,24,0.5,0.001,12146.646685143,0.5013757352368581
715,24,0.5,0.01,9787.403483218408,0.6580131377403934
716,24,0.5,0.1,8524.307140234612,0.8217068744202455
717,24,0.5,0.2,8420.376836015133,0.8717697607974211
718,24,0.5,0.5,8342.781685350921,0.9327191971242429
719,24,0.5,0.75,8108.7017325100605,0.9008955483635265
720,24,0.5,1.0,7296.879932187221,0.9419656748572987
721,24,0.75,0.001,12152.151950413749,0.4994524142588488
722,24,0.75,0.01,9542.063874909214,0.6440183755010366
723,24,0.75,0.1,8634.57794859725,0.8117187201976774
724,24,0.75,0.2,8416.536033644958,0.8781567243238287
725,24,0.75,0.5,8437.046941415016,0.9224768045047919
726,24,0.75,0.75,7606.559616303698,0.943171639492114
727,24,0.75,1.0,7323.458821218951,0.942862928410371
728,24,1.0,0.001,11959.139615409524,0.5652906569031377
729,24,1.0,0.01,9596.619948410094,0.6107007744411627
730,24,1.0,0.1,8337.172129071076,0.7927353889991838
731,24,1.0,0.2,8405.520389815485,0.8849389865994454
732,24,1.0,0.5,8330.052660712317,0.9267608764270941
733,24,1.0,0.75,7582.6728153539625,0.9445404060184955
734,24,1.0,1.0,7340.45313924145,0.944696254779895
735,25,0.001,0.001,11862.122670150498,0.5734730211622082
736,25,0.001,0.01,9607.335464912707,0.6600244953036308
737,25,0.001,0.1,8355.654605890313,0.8065266079902648
738,25,0.001,0.2,8380.808925994428,0.8884982600212097
739,25,0.001,0.5,8319.782283209675,0.9317224032878876
740,25,0.001,0.75,8017.548472061374,0.8829064259529114
741,25,0.001,1.0,7289.879333147047,0.91828964138031
742,25,0.01,0.001,12116.933758831126,0.5157805779874325
743,25,0.01,0.01,9883.541732796866,0.6358216654658316
744,25,0.01,0.1,8677.684530658506,0.8171732211112974
745,25,0.01,0.2,8383.20774059188,0.8897375507354736
746,25,0.01,0.5,8341.992066777042,0.932452202796936
747,25,0.01,0.75,7922.117561906608,0.8695975244045261
748,25,0.01,1.0,7319.953575478381,0.9356388173103332
749,25,0.1,0.001,11977.444285367044,0.582763098537922
750,25,0.1,0.01,9638.741344108103,0.6272024779319763
751,25,0.1,0.1,8555.286213824758,0.805273139476776
752,25,0.1,0.2,8427.307023930129,0.8897046833038328
753,25,0.1,0.5,8336.584380609529,0.9323575286865234
754,25,0.1,0.75,7636.111836345322,0.9465742831230162
755,25,0.1,1.0,7618.448546381817,0.8293503515720366
756,25,0.2,0.001,12047.22171039039,0.5381005212366581
757,25,0.2,0.01,9701.074835183428,0.6657871675491331
758,25,0.2,0.1,8406.881461899173,0.8043872925043108
759,25,0.2,0.2,8455.159257413628,0.8879361255168915
760,25,0.2,0.5,8424.581823141354,0.9260654392242432
761,25,0.2,0.75,7955.339762908752,0.89914267373085
762,25,0.2,1.0,7662.289501099375,0.8455497581958773
763,25,0.5,0.001,12099.848523374449,0.5490874536037444
764,25,0.5,0.01,9764.859179585634,0.6480545974075794
765,25,0.5,0.1,8331.186242838952,0.8094035334587099
766,25,0.5,0.2,8445.476259081022,0.8865155906677247
767,25,0.5,0.5,8299.565388454941,0.9322598521709439
768,25,0.5,0.75,7616.525271741248,0.9500801610946654
769,25,0.5,1.0,7339.8745782951055,0.9445536766052247
770,25,0.75,0.001,12201.11940837893,0.5368329125056043
771,25,0.75,0.01,9949.473917767888,0.6304081036448479
772,25,0.75,0.1,8323.946419424794,0.8232634530067444
773,25,0.75,0.2,8459.843068372582,0.8793506228923798
774,25,0.75,0.5,8346.779597076338,0.933856348514557
775,25,0.75,0.75,7630.556776139647,0.945574854373932
776,25,0.75,1.0,7356.873183183109,0.9463454086780548
777,25,1.0,0.001,11926.11971929051,0.5220174427777529
778,25,1.0,0.01,9960.623532890162,0.6502047946453093
779,25,1.0,0.1,8412.480841586783,0.8175784986019135
780,25,1.0,0.2,8318.804532085467,0.8728193614482879
781,25,1.0,0.5,8345.327958483987,0.9324446382522583
782,25,1.0,0.75,7725.14460603901,0.947854107618332
783,25,1.0,1.0,7386.4799666748795,0.9459349863529205
784,26,0.001,0.001,11941.614711833005,0.5777810380579188
785,26,0.001,0.01,9393.439333532959,0.6537862147562781
786,26,0.001,0.1,8580.443130425701,0.8335939756952798
787,26,0.001,0.2,8497.154946035178,0.8993671786326629
788,26,0.001,0.5,8304.30289612112,0.9029553294181825
789,26,0.001,0.75,7570.33005507858,0.9113960165243883
790,26,0.001,1.0,7332.600982124786,0.9377219165746984
791,26,0.01,0.001,12181.331123491895,0.5238882308037808
792,26,0.01,0.01,9693.020662649107,0.644212030332822
793,26,0.01,0.1,8610.947051498713,0.8353704651960959
794,26,0.01,0.2,8515.013375052586,0.8867830111430239
795,26,0.01,0.5,8674.276727631526,0.8977212156240759
796,26,0.01,0.75,7887.555895873535,0.8540786990752587
797,26,0.01,1.0,7366.311918537041,0.9371745804181463
798,26,0.1,0.001,12141.407156618721,0.5250875949644699
799,26,0.1,0.01,9914.096080283949,0.6457417771220209
800,26,0.1,0.1,8649.762155063674,0.835050735794581
801,26,0.1,0.2,8359.831379150013,0.8854962663008615
802,26,0.1,0.5,8335.825274700293,0.9328230926623712
803,26,0.1,0.75,7984.251930937063,0.9073129378832303
804,26,0.1,1.0,7357.630553461968,0.941866780932133
805,26,0.2,0.001,12138.070970110974,0.5544070012007768
806,26,0.2,0.01,9659.342233167848,0.6508480387238355
807,26,0.2,0.1,8392.35343837517,0.8378427983476565
808,26,0.2,0.2,8361.328254469436,0.8869389061744395
809,26,0.2,0.5,8349.002568568727,0.9318766376146905
810,26,0.2,0.75,8013.121800444998,0.8864565409146822
811,26,0.2,1.0,7333.544210541504,0.9484672592236445
812,26,0.5,0.001,12312.378151334535,0.5245223550985639
813,26,0.5,0.01,9880.175074588638,0.6597635094936076
814,26,0.5,0.1,9077.132438239561,0.8234892229621228
815,26,0.5,0.2,8535.132221113832,0.8833828194783285
816,26,0.5,0.5,8303.792110621864,0.9336134523153307
817,26,0.5,0.75,7646.821975724412,0.9480744520058997
818,26,0.5,1.0,7324.23067094258,0.9464865904587966
819,26,0.75,0.001,11926.24436755321,0.532227247967743
820,26,0.75,0.01,9688.850611767552,0.6211785111289758
821,26,0.75,0.1,8623.787439309774,0.8255186441999217
822,26,0.75,0.2,8460.781448357122,0.889043430869396
823,26,0.75,0.5,8346.388683260546,0.9331129376704873
824,26,0.75,0.75,7650.1184299530305,0.9452654139353679
825,26,0.75,1.0,7341.652093660192,0.9487024738238408
826,26,1.0,0.001,12203.209500221577,0.5341118817822113
827,26,1.0,0.01,9873.946296379161,0.6374909108074813
828,26,1.0,0.1,8383.9934243676,0.8272053172955146
829,26,1.0,0.2,8538.684327248196,0.8944007717646086
830,26,1.0,0.5,8342.72519064564,0.9363741585841546
831,26,1.0,0.75,8023.251003804182,0.9127935042748085
832,26,1.0,1.0,7380.178692644311,0.9466875759454876
833,27,0.001,0.001,11946.096434683712,0.5851461990770918
834,27,0.001,0.01,9655.70751125698,0.657935581990966
835,27,0.001,0.1,8707.793762473739,0.8322381415852794
836,27,0.001,0.2,8561.945368500537,0.8962444219324324
837,27,0.001,0.5,8317.401467895745,0.90429933336046
838,27,0.001,0.75,7984.394616822725,0.8772390612849483
839,27,0.001,1.0,7526.817992739421,0.8083999669110331
840,27,0.01,0.001,12041.375711171046,0.5294177893100789
841,27,0.01,0.01,9491.370835595706,0.6767303209061977
842,27,0.01,0.1,8609.008765365676,0.8346420261594981
843,27,0.01,0.2,8482.07852992995,0.8971769509492097
844,27,0.01,0.5,8331.662160114434,0.9234811058750857
845,27,0.01,0.75,7657.077964378154,0.9487530233683408
846,27,0.01,1.0,7737.589627174911,0.8578279219291824
847,27,0.1,0.001,11940.11558967907,0.5426908248552569
848,27,0.1,0.01,9750.98607007503,0.6387155065381969
849,27,0.1,0.1,9236.962530929812,0.8292651957935758
850,27,0.1,0.2,8502.000317102995,0.8885268685994325
851,27,0.1,0.5,8371.780368291133,0.9332993324156162
852,27,0.1,0.75,7658.805062774103,0.9524388507560447
853,27,0.1,1.0,7347.4445345673685,0.9457949296191887
854,27,0.2,0.001,11818.55757577177,0.5612015934730016
855,27,0.2,0.01,9718.579102858766,0.6767852762231121
856,27,0.2,0.1,8666.6234558271,0.8294671497963092
857,27,0.2,0.2,8469.426107121273,0.8996526270001026
858,27,0.2,0.5,8372.983800134518,0.9362303652145244
859,27,0.2,0.75,8050.72219320466,0.8740220414267645
860,27,0.2,1.0,7372.647747438091,0.9466980382248205
861,27,0.5,0.001,12149.306594857191,0.5396903808642594
862,27,0.5,0.01,9747.913337479607,0.6400954167600031
863,27,0.5,0.1,8325.036469538438,0.819312933308107
864,27,0.5,0.2,8530.80139125407,0.8948108646604751
865,27,0.5,0.5,8356.897900964514,0.9231352472746813
866,27,0.5,0.75,7977.609385663163,0.8968253707444227
867,27,0.5,1.0,7416.145295852226,0.9460222374509883
868,27,0.75,0.001,11975.074231696415,0.5690864855078637
869,27,0.75,0.01,9656.502626202495,0.6427025183207458
870,27,0.75,0.1,9136.058060702973,0.8307435050054833
871,27,0.75,0.2,8617.547232599616,0.8972342272599538
872,27,0.75,0.5,8284.843536515387,0.9200466025758671
873,27,0.75,0.75,8007.366733261334,0.8886535730626847
874,27,0.75,1.0,7345.715608045933,0.9460029050155924
875,27,1.0,0.001,12286.548973484474,0.5571411388236339
876,27,1.0,0.01,9892.554386184403,0.6520674001287531
877,27,1.0,0.1,8450.944021721833,0.8256097114748426
878,27,1.0,0.2,8399.514523471127,0.8964893491179856
879,27,1.0,0.5,8308.587538200754,0.9347222242090438
880,27,1.0,0.75,7609.3353780690395,0.9486063378828542
881,27,1.0,1.0,7368.055477670172,0.9428972941857794
882,28,0.001,0.001,11934.445194664342,0.5579520589139845
883,28,0.001,0.01,9508.740752660777,0.6908398465386458
884,28,0.001,0.1,8382.224685390478,0.8501732896481241
885,28,0.001,0.2,8442.704075946094,0.9010155398930825
886,28,0.001,0.5,8412.635958521752,0.9178854565535274
887,28,0.001,0.75,7661.031001157991,0.9429175387535774
888,28,0.001,1.0,7310.899015237184,0.9064182843480791
889,28,0.01,0.001,11961.824410999581,0.5597502839984372
890,28,0.01,0.01,9654.302137944413,0.6677690721516099
891,28,0.01,0.1,8443.703335890146,0.8275666841438838
892,28,0.01,0.2,8622.577780467082,0.9023863172956876
893,28,0.01,0.5,8339.502090893722,0.9210477669324193
894,28,0.01,0.75,7669.058144094314,0.9521005909357753
895,28,0.01,1.0,7613.782389260919,0.8408363314611574
896,28,0.1,0.001,11975.315041388583,0.5459473108207541
897,28,0.1,0.01,9577.492091673543,0.6395335169775145
898,28,0.1,0.1,8651.249542660038,0.8518335141241551
899,28,0.1,0.2,8517.340169190065,0.8981509491801262
900,28,0.1,0.5,8411.555763234132,0.9360814056226185
901,28,0.1,0.75,7652.610980935803,0.9528057072843825
902,28,0.1,1.0,7377.844958333232,0.9468946256807874
903,28,0.2,0.001,12210.572346425815,0.5190078507443624
904,28,0.2,0.01,9740.331433813391,0.6648764927472388
905,28,0.2,0.1,8858.479391139594,0.8350356930068561
906,28,0.2,0.2,8467.120555493897,0.8956784723060472
907,28,0.2,0.5,8329.201284572491,0.9341693250196321
908,28,0.2,0.75,7657.574536489724,0.9485786097390313
909,28,0.2,1.0,7363.402192332435,0.9438027290361269
910,28,0.5,0.001,12052.812815627722,0.558133944815823
911,28,0.5,0.01,9625.27910305391,0.6752540190305029
912,28,0.5,0.1,8637.966797924426,0.8275792915906226
913,28,0.5,0.2,8420.207222537194,0.9016390883496832
914,28,0.5,0.5,7942.173290727219,0.9452673399022649
915,28,0.5,0.75,7702.512910502054,0.9516664247427669
916,28,0.5,1.0,7374.249902783012,0.9465338706970216
917,28,0.75,0.001,11887.662057263064,0.6081163974744933
918,28,0.75,0.01,9657.834697086993,0.6757417527692658
919,28,0.75,0.1,8870.094817493004,0.829633985885552
920,28,0.75,0.2,8548.15700512991,0.8965999149850437
921,28,0.75,0.5,8394.401139996151,0.9320982475365912
922,28,0.75,0.75,7706.354984330413,0.9511541875345365
923,28,0.75,1.0,7392.525174009139,0.9483405734811513
924,28,1.0,0.001,11836.849813788998,0.5785674845533713
925,28,1.0,0.01,9430.544884275021,0.6826617337763308
926,28,1.0,0.1,8423.299408734423,0.8320879514728273
927,28,1.0,0.2,8424.946694142085,0.8986051966037067
928,28,1.0,0.5,8001.653475759338,0.9443419769406319
929,28,1.0,0.75,7647.234990068919,0.9500491870301112
930,28,1.0,1.0,7416.337618952543,0.9491393116968017
931,29,0.001,0.001,11936.046428732352,0.5692410283818328
932,29,0.001,0.01,9645.556697173695,0.6808218789511714
933,29,0.001,0.1,8631.919402852212,0.8463811753125026
934,29,0.001,0.2,8278.36674575192,0.9002495313512867
935,29,0.001,0.5,8357.509867746356,0.9224688965698766
936,29,0.001,0.75,8002.027934682874,0.8924229944574421
937,29,0.001,1.0,7585.204390873336,0.8715799802336202
938,29,0.01,0.001,11998.948974543146,0.5775151078557147
939,29,0.01,0.01,9721.713794661537,0.6654082287488311
940,29,0.01,0.1,8538.686947714885,0.8392425294580131
941,29,0.01,0.2,8488.817245491198,0.8947183923474675
942,29,0.01,0.5,8347.595207369182,0.9419692795852135
943,29,0.01,0.75,8002.137812782299,0.882698764472172
944,29,0.01,1.0,7620.021678391824,0.8577738687909885
945,29,0.1,0.001,11877.12623497127,0.5870189724811193
946,29,0.1,0.01,9506.74835252512,0.65370856821537
947,29,0.1,0.1,8426.101952633782,0.8444882944740096
948,29,0.1,0.2,8510.854953893127,0.902710171403556
949,29,0.1,0.5,8405.692351252721,0.9376237304046239
950,29,0.1,0.75,8032.950252581254,0.8977853370123898
951,29,0.1,1.0,7326.642560663738,0.9091772609743579
952,29,0.2,0.001,11828.794250015078,0.5846003935640228
953,29,0.2,0.01,9430.893792986022,0.6772660572981011
954,29,0.2,0.1,8489.956292640327,0.8325689979668321
955,29,0.2,0.2,8556.873815772413,0.9024641556986446
956,29,0.2,0.5,8445.76834114929,0.9361874545442647
957,29,0.2,0.75,8087.526986200193,0.9065515466805165
958,29,0.2,1.0,7395.0636059047565,0.9474778586420523
959,29,0.5,0.001,12057.290057510336,0.5873994154149088
960,29,0.5,0.01,9738.386956122753,0.6537822808171141
961,29,0.5,0.1,8527.6776566168,0.8363481570934426
962,29,0.5,0.2,8490.449042222515,0.9015376701437193
963,29,0.5,0.5,8395.779447974104,0.9378824433376051
964,29,0.5,0.75,8020.839994396787,0.8895520370582056
965,29,0.5,1.0,7411.540665896652,0.9503200409741236
966,29,0.75,0.001,12084.163815254,0.5581462235671693
967,29,0.75,0.01,9599.37157218559,0.6675351151618464
968,29,0.75,0.1,8325.692615189742,0.8322544691891508
969,29,0.75,0.2,8415.281382336012,0.899872380906138
970,29,0.75,0.5,8387.238438543414,0.9346487460465267
971,29,0.75,0.75,7682.858771882303,0.9509674869734664
972,29,0.75,1.0,7428.818379288471,0.9473730044824812
973,29,1.0,0.001,11970.958037636288,0.5944172038600362
974,29,1.0,0.01,9925.83719812435,0.6554935509274744
975,29,1.0,0.1,8606.093183936415,0.8314056834270214
976,29,1.0,0.2,8413.886390416588,0.8954352989278989
977,29,1.0,0.5,8451.653892295075,0.9372576016804267
978,29,1.0,0.75,8027.211623875919,0.8834377595062912
979,29,1.0,1.0,7381.815057829913,0.9496474002969676
980,30,0.001,0.001,11957.08957524162,0.5827619934896939
981,30,0.001,0.01,9625.146702481159,0.685861040254434
982,30,0.001,0.1,8538.582481790776,0.837400654256344
983,30,0.001,0.2,8421.087203320449,0.9014646500349044
984,30,0.001,0.5,8412.19240046501,0.9265651253859202
985,30,0.001,0.75,7622.643546836276,0.9297243601083758
986,30,0.001,1.0,7715.0383507689185,0.8813222332795457
987,30,0.01,0.001,11974.383779331287,0.5717564299081762
988,30,0.01,0.01,9521.659910336379,0.6837533243000506
989,30,0.01,0.1,8483.315505273937,0.8475983512401583
990,30,0.01,0.2,8508.93108595131,0.9061805689334871
991,30,0.01,0.5,8355.805382322933,0.9246779410044353
992,30,0.01,0.75,8003.590311297908,0.8646009103457134
993,30,0.01,1.0,7758.860982961314,0.8616343299547835
994,30,0.1,0.001,12159.836192739327,0.5527743391444286
995,30,0.1,0.01,9545.340070474931,0.6666029311716556
996,30,0.1,0.1,8437.055745572012,0.8449785514672598
997,30,0.1,0.2,8546.025128122865,0.9006395828723905
998,30,0.1,0.5,8385.219631351114,0.9372625370820366
999,30,0.1,0.75,8036.3913643726755,0.8840427120526632
1000,30,0.1,1.0,7428.873782291411,0.9430808810393018
1001,30,0.2,0.001,11905.108044866596,0.5593851789583763
1002,30,0.2,0.01,9659.96489971234,0.6858233811457951
1003,30,0.2,0.1,8331.536880327802,0.8518589337666831
1004,30,0.2,0.2,8449.63317204794,0.904275226195653
1005,30,0.2,0.5,8383.812255811594,0.9289326876401901
1006,30,0.2,0.75,8081.018269088702,0.8761743495861689
1007,30,0.2,1.0,7420.762893505836,0.9522224303086599
1008,30,0.5,0.001,12143.10220716309,0.5739062150319418
1009,30,0.5,0.01,9579.970029945538,0.6787301678458851
1010,30,0.5,0.1,8564.015068856239,0.8464416922132175
1011,30,0.5,0.2,8512.314301903247,0.9013519388437273
1012,30,0.5,0.5,8449.931526815039,0.9390603870153427
1013,30,0.5,0.75,8124.3639807241525,0.8942157612244289
1014,30,0.5,1.0,7412.084578027444,0.9505921016136807
1015,30,0.75,0.001,12178.085566426638,0.5630123424281678
1016,30,0.75,0.01,9726.207426051104,0.6722914298872154
1017,30,0.75,0.1,8666.293863949322,0.8539115697145462
1018,30,0.75,0.2,8530.6224259074,0.9030242476860681
1019,30,0.75,0.5,8475.782137357814,0.939538825949033
1020,30,0.75,0.75,7974.93286259011,0.8679348874092105
1021,30,0.75,1.0,7439.1847641356735,0.9494829960664113
1022,30,1.0,0.001,12500.487361401654,0.5331578144384549
1023,30,1.0,0.01,9691.712339569216,0.671217599908511
1024,30,1.0,0.1,8359.049412815299,0.832911471923192
1025,30,1.0,0.2,8416.275486237499,0.895557261109352
1026,30,1.0,0.5,8431.7306030609,0.9397073048353195
1027,30,1.0,0.75,7629.635441477831,0.9510818626483282
1028,30,1.0,1.0,7417.100562243572,0.9472894350687663
